seqid,log_likelihood, log_likelihood_target
wt,-1.1457367,-1.2163519
I2A,-1.1414981,-1.200365
I2C,-1.1511823,-1.2359743
I2D,-1.1522478,-1.2385972
I2E,-1.1496198,-1.2282276
I2F,-1.1492155,-1.228175
I2G,-1.1552941,-1.2473378
I2H,-1.1518838,-1.2358222
I2K,-1.1454409,-1.2139537
I2L,-1.1451514,-1.2138823
I2M,-1.1437101,-1.2061163
I2N,-1.1548055,-1.2483821
I2P,-1.1515452,-1.2364783
I2Q,-1.1499132,-1.2285113
I2R,-1.1486006,-1.2244829
I2S,-1.145577,-1.2163436
I2T,-1.1430643,-1.207707
I2V,-1.1409221,-1.1995536
I2W,-1.1537105,-1.2443345
I2Y,-1.1503258,-1.2309855
T3A,-1.1538632,-1.2455969
T3C,-1.1677516,-1.2941746
T3D,-1.1568117,-1.2547768
T3E,-1.1548432,-1.2460606
T3F,-1.1612272,-1.270485
T3G,-1.1592325,-1.2647518
T3H,-1.1595389,-1.2633556
T3I,-1.159709,-1.2654073
T3K,-1.1559613,-1.2512078
T3L,-1.1597065,-1.2652068
T3M,-1.1632797,-1.2759291
T3N,-1.1554693,-1.2512426
T3P,-1.1750876,-1.3204787
T3Q,-1.1536863,-1.2433207
T3R,-1.1579548,-1.2584043
T3S,-1.1481634,-1.2253175
T3V,-1.1575787,-1.2576479
T3W,-1.1635203,-1.2779688
T3Y,-1.1610756,-1.2695711
L4A,-1.1628382,-1.2775965
L4C,-1.1564741,-1.2541784
L4D,-1.1709955,-1.3059751
L4E,-1.1705868,-1.3045425
L4F,-1.1705027,-1.3063214
L4G,-1.1703966,-1.3043277
L4H,-1.1753801,-1.3208888
L4I,-1.1458013,-1.2164714
L4K,-1.176194,-1.324403
L4M,-1.160243,-1.2670138
L4N,-1.157587,-1.2586167
L4P,-1.1815604,-1.3438392
L4Q,-1.1688213,-1.2981522
L4R,-1.1750454,-1.320753
L4S,-1.1640811,-1.2821031
L4T,-1.1570255,-1.2564089
L4V,-1.150713,-1.2336069
L4W,-1.1791453,-1.336943
L4Y,-1.175861,-1.3245896
K5A,-1.1461215,-1.2194644
K5C,-1.1564937,-1.2563826
K5D,-1.1530772,-1.242397
K5E,-1.1489896,-1.2258031
K5F,-1.1507729,-1.2345976
K5G,-1.1562458,-1.2554834
K5H,-1.1497061,-1.2300857
K5I,-1.1515857,-1.2379637
K5L,-1.1469162,-1.2207255
K5M,-1.1531248,-1.2411921
K5N,-1.145979,-1.2192657
K5P,-1.1694335,-1.3014578
K5Q,-1.1449685,-1.2137618
K5R,-1.1474503,-1.2224884
K5S,-1.1444373,-1.2143241
K5T,-1.1419839,-1.2054205
K5V,-1.1488422,-1.2286795
K5W,-1.1571518,-1.256336
K5Y,-1.1515594,-1.2372428
E6A,-1.1534047,-1.2438506
E6C,-1.1631587,-1.2788147
E6D,-1.1615102,-1.2717623
E6F,-1.1659744,-1.2897645
E6G,-1.1646302,-1.2840022
E6H,-1.1679007,-1.2947916
E6I,-1.1536077,-1.2445805
E6K,-1.1654934,-1.2882338
E6L,-1.159134,-1.2648813
E6M,-1.1528362,-1.2410647
E6N,-1.1570928,-1.2566211
E6P,-1.1674898,-1.2937776
E6Q,-1.1530356,-1.2433552
E6R,-1.1634908,-1.2810657
E6S,-1.1551361,-1.2495978
E6T,-1.1479652,-1.2249218
E6V,-1.1437045,-1.2095735
E6W,-1.1742004,-1.318714
E6Y,-1.167545,-1.294731
S7A,-1.1542549,-1.2462262
S7C,-1.1669495,-1.2917098
S7D,-1.1553614,-1.2490326
S7E,-1.1537017,-1.2413468
S7F,-1.1645424,-1.2821369
S7G,-1.1582898,-1.2606888
S7H,-1.1656207,-1.2853224
S7I,-1.1641951,-1.2809844
S7K,-1.160226,-1.2658631
S7L,-1.1630479,-1.2766341
S7M,-1.1607189,-1.2661228
S7N,-1.157362,-1.2572386
S7P,-1.1808355,-1.3405399
S7Q,-1.1564468,-1.2527472
S7R,-1.163674,-1.2779397
S7T,-1.1520482,-1.2381583
S7V,-1.1636473,-1.2790914
S7W,-1.1723711,-1.3094478
S7Y,-1.1652787,-1.2847837
G8A,-1.1924764,-1.3821833
G8C,-1.1975341,-1.3998046
G8D,-1.199196,-1.4059553
G8E,-1.2011094,-1.4116882
G8F,-1.1981932,-1.4013852
G8H,-1.20365,-1.4212116
G8I,-1.2017164,-1.4145235
G8K,-1.2001185,-1.4091231
G8L,-1.1952691,-1.3911754
G8M,-1.2012124,-1.4116607
G8N,-1.1996039,-1.407974
G8P,-1.1995977,-1.4074857
G8Q,-1.2002002,-1.4097944
G8R,-1.1984175,-1.40279
G8S,-1.1954861,-1.3930783
G8T,-1.2040032,-1.4232091
G8V,-1.2030267,-1.4188639
G8W,-1.203076,-1.4194599
G8Y,-1.1989834,-1.4051157
P9A,-1.1544049,-1.2477357
P9C,-1.1683183,-1.2961721
P9D,-1.1551269,-1.2498685
P9E,-1.156512,-1.253018
P9F,-1.168224,-1.2957414
P9G,-1.1636167,-1.2804656
P9H,-1.1640182,-1.2795792
P9I,-1.1624608,-1.2756568
P9K,-1.1574892,-1.2568098
P9L,-1.1591405,-1.2635728
P9M,-1.1651726,-1.2831975
P9N,-1.1569853,-1.2569124
P9Q,-1.1569619,-1.2554728
P9R,-1.1606432,-1.2681043
P9S,-1.1543373,-1.2477138
P9T,-1.1540653,-1.246561
P9V,-1.1567627,-1.2553151
P9W,-1.1727302,-1.3116148
P9Y,-1.1683816,-1.2965047
T10A,-1.1532843,-1.2436036
T10C,-1.1641699,-1.2790971
T10D,-1.1560996,-1.2520893
T10E,-1.1546028,-1.2449673
T10F,-1.1593097,-1.2628276
T10G,-1.160319,-1.2687207
T10H,-1.1578994,-1.2559459
T10I,-1.1572258,-1.2561841
T10K,-1.1525346,-1.2386628
T10L,-1.1562678,-1.2522718
T10M,-1.1607571,-1.2668735
T10N,-1.1545264,-1.2476771
T10P,-1.1734356,-1.313544
T10Q,-1.1539745,-1.2442813
T10R,-1.1541685,-1.2441037
T10S,-1.1493702,-1.2292887
T10V,-1.1541919,-1.2456068
T10W,-1.1671646,-1.2902925
T10Y,-1.1607679,-1.2682081
L11A,-1.1474252,-1.2236216
L11C,-1.155818,-1.2558343
L11D,-1.146862,-1.2201416
L11E,-1.1465791,-1.2173673
L11F,-1.1500753,-1.231193
L11G,-1.1588819,-1.2639421
L11H,-1.1484042,-1.2244794
L11I,-1.1485733,-1.2272309
L11K,-1.1472971,-1.2207152
L11M,-1.1536093,-1.2424963
L11N,-1.1437094,-1.2100106
L11P,-1.1727937,-1.3131192
L11Q,-1.14669,-1.2203385
L11R,-1.1488484,-1.2269483
L11S,-1.1436881,-1.2104336
L11T,-1.1430854,-1.2079211
L11V,-1.1451896,-1.2152224
L11W,-1.156646,-1.2534347
L11Y,-1.1512024,-1.2358242
V12A,-1.1646914,-1.2840343
V12C,-1.1662388,-1.2896755
V12D,-1.1731031,-1.3134189
V12E,-1.1651361,-1.2844888
V12F,-1.1689835,-1.2988306
V12G,-1.1772618,-1.3279327
V12H,-1.1705046,-1.3036162
V12I,-1.1502445,-1.2323328
V12K,-1.1642902,-1.281928
V12L,-1.1623212,-1.27497
V12M,-1.1643605,-1.2807343
V12N,-1.1684343,-1.2972808
V12P,-1.1817116,-1.3445163
V12Q,-1.1644822,-1.2829696
V12R,-1.1667745,-1.2910035
V12S,-1.1655362,-1.2871573
V12T,-1.1586674,-1.26296
V12W,-1.1720508,-1.3099945
V12Y,-1.16792,-1.2954419
K13A,-1.1442444,-1.2121412
K13C,-1.1509928,-1.2378706
K13D,-1.1532264,-1.2423879
K13E,-1.1484605,-1.2240789
K13F,-1.1545237,-1.2477208
K13G,-1.1535358,-1.245787
K13H,-1.1502585,-1.2322739
K13I,-1.1525984,-1.2410067
K13L,-1.1524885,-1.2404528
K13M,-1.1544734,-1.2459869
K13N,-1.1486307,-1.2281684
K13P,-1.1627953,-1.2777867
K13Q,-1.14706,-1.2214233
K13R,-1.1471511,-1.2217544
K13S,-1.1430717,-1.2084899
K13T,-1.1441603,-1.2119172
K13V,-1.1490288,-1.2284094
K13W,-1.1587374,-1.262517
K13Y,-1.1540167,-1.2468753
P14A,-1.1678678,-1.2953314
P14C,-1.1751716,-1.3223922
P14D,-1.1712589,-1.3061213
P14E,-1.1651224,-1.28277
P14F,-1.1747205,-1.3185186
P14G,-1.179594,-1.336816
P14H,-1.1726673,-1.3108178
P14I,-1.1705554,-1.3041968
P14K,-1.1694882,-1.2995783
P14L,-1.1719763,-1.3090242
P14M,-1.1750543,-1.3175616
P14N,-1.1708028,-1.305716
P14Q,-1.1666269,-1.2900794
P14R,-1.1711327,-1.3057324
P14S,-1.1670676,-1.2926588
P14T,-1.1650952,-1.2854056
P14V,-1.1665554,-1.290051
P14W,-1.1776865,-1.3292446
P14Y,-1.1733572,-1.3142257
T15A,-1.1523541,-1.2397425
T15C,-1.1590624,-1.2641315
T15D,-1.1499091,-1.2292804
T15E,-1.1515568,-1.2325934
T15F,-1.1557835,-1.2505083
T15G,-1.1610421,-1.2704097
T15H,-1.1537917,-1.2427253
T15I,-1.1573056,-1.2571554
T15K,-1.1481789,-1.2227068
T15L,-1.1521204,-1.2375115
T15M,-1.1547269,-1.245258
T15N,-1.1496714,-1.2302552
T15P,-1.181098,-1.3410138
T15Q,-1.15075,-1.2322155
T15R,-1.1497837,-1.2288706
T15S,-1.1479173,-1.2242379
T15V,-1.1550255,-1.2487882
T15W,-1.1589046,-1.2615988
T15Y,-1.1559539,-1.2518457
Q16A,-1.1463588,-1.2195588
Q16C,-1.1584389,-1.2623761
Q16D,-1.1422362,-1.2037599
Q16E,-1.1438309,-1.2074649
Q16F,-1.1581413,-1.2603376
Q16G,-1.151943,-1.2394853
Q16H,-1.1506045,-1.2323496
Q16I,-1.1722819,-1.3109257
Q16K,-1.1508737,-1.2339097
Q16L,-1.1588124,-1.2629023
Q16M,-1.1572568,-1.2557398
Q16N,-1.1457922,-1.2182804
Q16P,-1.1717391,-1.309527
Q16R,-1.1547862,-1.2478563
Q16S,-1.144125,-1.2121186
Q16T,-1.1544015,-1.2486684
Q16V,-1.1671599,-1.2930801
Q16W,-1.159894,-1.265898
Q16Y,-1.1565208,-1.2549123
T17A,-1.1597347,-1.2666485
T17C,-1.16857,-1.2975076
T17D,-1.1645001,-1.2828815
T17E,-1.1552941,-1.248689
T17F,-1.179915,-1.3365537
T17G,-1.1742098,-1.317978
T17H,-1.173569,-1.3134446
T17I,-1.1642714,-1.2813021
T17K,-1.1632107,-1.2781448
T17L,-1.1704068,-1.3026459
T17M,-1.1642442,-1.2795871
T17N,-1.165083,-1.2857528
T17P,-1.1819881,-1.345534
T17Q,-1.157348,-1.2576537
T17R,-1.1662308,-1.2886851
T17S,-1.1562774,-1.2548918
T17V,-1.161639,-1.2716888
T17W,-1.180005,-1.3358378
T17Y,-1.178762,-1.3323361
L18A,-1.1559768,-1.2537138
L18C,-1.1603097,-1.2697593
L18D,-1.1681691,-1.298062
L18E,-1.1695093,-1.301838
L18F,-1.1706146,-1.3052067
L18G,-1.1663088,-1.2879205
L18H,-1.1757317,-1.3244067
L18I,-1.1577973,-1.2600011
L18K,-1.1709064,-1.3065546
L18M,-1.1570662,-1.2553872
L18N,-1.162622,-1.2786242
L18P,-1.1779038,-1.3308933
L18Q,-1.1639174,-1.2819046
L18R,-1.1688676,-1.3002315
L18S,-1.162919,-1.2804229
L18T,-1.1635425,-1.2816877
L18V,-1.1578258,-1.2603945
L18W,-1.1727505,-1.3149612
L18Y,-1.1731845,-1.3164061
T19A,-1.1581421,-1.2600213
T19C,-1.1658065,-1.2842933
T19D,-1.159992,-1.266013
T19E,-1.1507618,-1.2315067
T19F,-1.1706421,-1.3027726
T19G,-1.1621591,-1.2741674
T19H,-1.1640538,-1.2785765
T19I,-1.1542246,-1.2453312
T19K,-1.1562966,-1.2525992
T19L,-1.1637259,-1.2780614
T19M,-1.1608969,-1.2666749
T19N,-1.1561795,-1.2530202
T19P,-1.1755213,-1.3213642
T19Q,-1.1534164,-1.2423959
T19R,-1.1604096,-1.2669933
T19S,-1.1528513,-1.241708
T19V,-1.1511031,-1.2344167
T19W,-1.174011,-1.3143846
T19Y,-1.1686667,-1.2959149
L20A,-1.1705998,-1.3054204
L20C,-1.1776235,-1.3300786
L20D,-1.179017,-1.3344028
L20E,-1.1730541,-1.3124496
L20F,-1.177923,-1.3304547
L20G,-1.1716535,-1.3090626
L20H,-1.1779469,-1.3304677
L20I,-1.1602142,-1.2681255
L20K,-1.167152,-1.2931081
L20M,-1.1652087,-1.2844843
L20N,-1.1700505,-1.3028195
L20P,-1.1793056,-1.3362992
L20Q,-1.166801,-1.2909864
L20R,-1.1671247,-1.2928661
L20S,-1.166514,-1.290862
L20T,-1.1642243,-1.2827259
L20V,-1.1640106,-1.2815205
L20W,-1.1848065,-1.354816
L20Y,-1.1795812,-1.33708
T21A,-1.1550573,-1.2489406
T21C,-1.1686862,-1.2960919
T21D,-1.1555058,-1.2503134
T21E,-1.1547244,-1.2449384
T21F,-1.1628273,-1.2751406
T21G,-1.1620234,-1.2735516
T21H,-1.1585011,-1.2599667
T21I,-1.1584982,-1.2601905
T21K,-1.1514075,-1.2355957
T21L,-1.160888,-1.267808
T21M,-1.1608496,-1.2666948
T21N,-1.1518085,-1.2386378
T21P,-1.1791043,-1.334323
T21Q,-1.153662,-1.2432752
T21R,-1.154921,-1.2478235
T21S,-1.1484363,-1.2259717
T21V,-1.154892,-1.2475982
T21W,-1.1681724,-1.2939928
T21Y,-1.1608971,-1.2694792
C22A,-1.150932,-1.2338688
C22D,-1.1681063,-1.2913108
C22E,-1.1713756,-1.3030322
C22F,-1.1729918,-1.3104223
C22G,-1.1622064,-1.2738707
C22H,-1.1730167,-1.306837
C22I,-1.1727763,-1.3106953
C22K,-1.1742682,-1.3167007
C22L,-1.1643716,-1.2809756
C22M,-1.1697079,-1.298827
C22N,-1.1659182,-1.2831713
C22P,-1.1873373,-1.3633407
C22Q,-1.1712096,-1.3042953
C22R,-1.1751018,-1.3184845
C22S,-1.1603149,-1.2653812
C22T,-1.1706364,-1.3006898
C22V,-1.1718748,-1.307324
C22W,-1.1774187,-1.3234638
C22Y,-1.17244,-1.3060694
T23A,-1.1540048,-1.245453
T23C,-1.1651733,-1.2803048
T23D,-1.1463572,-1.2162671
T23E,-1.1511881,-1.2292837
T23F,-1.1605558,-1.2675654
T23G,-1.1601806,-1.2674441
T23H,-1.1521192,-1.2350973
T23I,-1.1558928,-1.2514553
T23K,-1.1521829,-1.2346191
T23L,-1.1545162,-1.2465979
T23M,-1.1614705,-1.2681772
T23N,-1.1472759,-1.2212596
T23P,-1.1800106,-1.3371959
T23Q,-1.1519471,-1.2354712
T23R,-1.1550537,-1.2461792
T23S,-1.1471573,-1.2217653
T23V,-1.1546144,-1.2467241
T23W,-1.167308,-1.2897191
T23Y,-1.1608851,-1.2684935
F24A,-1.1693534,-1.300174
F24C,-1.1755283,-1.3229808
F24D,-1.1714512,-1.309092
F24E,-1.1738002,-1.3162913
F24G,-1.1731628,-1.313949
F24H,-1.1528125,-1.2400323
F24I,-1.1719089,-1.3092333
F24K,-1.1746327,-1.3186268
F24L,-1.1655365,-1.286751
F24M,-1.1696537,-1.299313
F24N,-1.1666318,-1.2916627
F24P,-1.1870416,-1.3632188
F24Q,-1.173039,-1.3143754
F24R,-1.1730306,-1.3125668
F24S,-1.1665803,-1.2903432
F24T,-1.1687664,-1.2988626
F24V,-1.1747209,-1.3191453
F24W,-1.155589,-1.2515993
F24Y,-1.1396692,-1.194881
S25A,-1.1563643,-1.2535417
S25C,-1.168546,-1.2943518
S25D,-1.1542199,-1.2442461
S25E,-1.1560997,-1.2482742
S25F,-1.1701078,-1.3010092
S25G,-1.1577606,-1.2587068
S25H,-1.1648097,-1.2804518
S25I,-1.1710404,-1.3047825
S25K,-1.1587662,-1.259677
S25L,-1.1680788,-1.2933584
S25M,-1.1663693,-1.2855215
S25N,-1.1554108,-1.2504435
S25P,-1.1803777,-1.3381838
S25Q,-1.1561503,-1.2509677
S25R,-1.1611451,-1.2674227
S25T,-1.155343,-1.2505299
S25V,-1.1701651,-1.3014928
S25W,-1.169983,-1.299942
S25Y,-1.1690291,-1.2969631
G26A,-1.1839148,-1.3527642
G26C,-1.1938416,-1.3863553
G26D,-1.1768434,-1.3265013
G26E,-1.1798824,-1.3362226
G26F,-1.1898782,-1.3726169
G26H,-1.1865927,-1.3597857
G26I,-1.1919714,-1.3806921
G26K,-1.1818545,-1.3440619
G26L,-1.1816226,-1.3431647
G26M,-1.1903595,-1.3728899
G26N,-1.1752025,-1.3215868
G26P,-1.1955519,-1.3933717
G26Q,-1.181412,-1.3427
G26R,-1.1816602,-1.3429452
G26S,-1.1791506,-1.3357986
G26T,-1.1862066,-1.3610275
G26V,-1.1900383,-1.3736436
G26W,-1.1934986,-1.3856381
G26Y,-1.18877,-1.3688234
F27A,-1.1616515,-1.2737849
F27C,-1.1716717,-1.3087152
F27D,-1.1627369,-1.2768121
F27E,-1.1648002,-1.2837496
F27G,-1.1642733,-1.2828566
F27H,-1.1594611,-1.2638551
F27I,-1.166856,-1.2922657
F27K,-1.1679944,-1.294672
F27L,-1.162271,-1.2752512
F27M,-1.1654756,-1.2854556
F27N,-1.1635503,-1.2804193
F27P,-1.1773192,-1.3293468
F27Q,-1.1647274,-1.2838788
F27R,-1.1648219,-1.2833343
F27S,-1.1616718,-1.2744561
F27T,-1.160597,-1.2704637
F27V,-1.1663115,-1.2901098
F27W,-1.1500403,-1.2316434
F27Y,-1.1540024,-1.2457749
S28A,-1.155454,-1.250353
S28C,-1.1668156,-1.2890729
S28D,-1.1510056,-1.2333785
S28E,-1.1521007,-1.2353374
S28F,-1.1595107,-1.2637582
S28G,-1.1585112,-1.2616237
S28H,-1.1587405,-1.25941
S28I,-1.1657182,-1.285987
S28K,-1.1541747,-1.2438956
S28L,-1.153749,-1.2426579
S28M,-1.1603982,-1.2644842
S28N,-1.1531072,-1.2424002
S28P,-1.1702448,-1.3028305
S28Q,-1.1533314,-1.2416829
S28R,-1.1571903,-1.2538747
S28T,-1.1519027,-1.2379315
S28V,-1.1634247,-1.2779983
S28W,-1.1626347,-1.2735854
S28Y,-1.1593304,-1.2627336
L29A,-1.1745312,-1.3194873
L29C,-1.1790513,-1.3348234
L29D,-1.1755816,-1.3229245
L29E,-1.1786685,-1.3332541
L29F,-1.1728555,-1.3127602
L29G,-1.1790339,-1.3351514
L29H,-1.1722493,-1.3092484
L29I,-1.1684953,-1.2975429
L29K,-1.1808944,-1.3406386
L29M,-1.164625,-1.2824085
L29N,-1.1689098,-1.2993315
L29P,-1.1773195,-1.32867
L29Q,-1.1741524,-1.3175019
L29R,-1.1797427,-1.3362163
L29S,-1.1766742,-1.3270085
L29T,-1.1753933,-1.3224238
L29V,-1.1747545,-1.3196319
L29W,-1.1772331,-1.3281784
L29Y,-1.1747906,-1.3194101
S30A,-1.1501226,-1.2311959
S30C,-1.1605592,-1.2660711
S30D,-1.14669,-1.2172365
S30E,-1.1464075,-1.2137766
S30F,-1.1546048,-1.2453231
S30G,-1.1586264,-1.2612383
S30H,-1.1533177,-1.2398839
S30I,-1.1479506,-1.2228476
S30K,-1.1461002,-1.2148522
S30L,-1.148691,-1.2240591
S30M,-1.1515441,-1.2331007
S30N,-1.147825,-1.2229605
S30P,-1.1764306,-1.3239005
S30Q,-1.147083,-1.2188601
S30R,-1.1471946,-1.2179961
S30T,-1.1429443,-1.2061229
S30V,-1.1475228,-1.2209933
S30W,-1.1582242,-1.2573202
S30Y,-1.1548766,-1.2460333
I31A,-1.1489239,-1.2283918
I31C,-1.1596963,-1.2656974
I31D,-1.1444156,-1.2115277
I31E,-1.1454108,-1.2131789
I31F,-1.1545123,-1.2467473
I31G,-1.1594259,-1.265822
I31H,-1.1514373,-1.234639
I31K,-1.1451405,-1.2123818
I31L,-1.1504357,-1.2325932
I31M,-1.1546693,-1.2461549
I31N,-1.1494623,-1.2305146
I31P,-1.1695949,-1.3010906
I31Q,-1.1457181,-1.215145
I31R,-1.1469203,-1.218421
I31S,-1.1471783,-1.2224835
I31T,-1.1403619,-1.1982477
I31V,-1.1423188,-1.204279
I31W,-1.1579729,-1.2582226
I31Y,-1.1529143,-1.2407154
S32A,-1.145874,-1.2160618
S32C,-1.1565961,-1.2514328
S32D,-1.145753,-1.2175126
S32E,-1.1426384,-1.2051969
S32F,-1.1545999,-1.2456834
S32G,-1.1486496,-1.2263422
S32H,-1.1485052,-1.2228465
S32I,-1.1488806,-1.2255288
S32K,-1.1448517,-1.2088054
S32L,-1.1501205,-1.229424
S32M,-1.152048,-1.2353275
S32N,-1.1461697,-1.2177455
S32P,-1.1576184,-1.2569872
S32Q,-1.1454211,-1.2135493
S32R,-1.1432035,-1.2024897
S32T,-1.1447368,-1.2123585
S32V,-1.1465064,-1.217335
S32W,-1.156521,-1.2514849
S32Y,-1.1507907,-1.2312207
G33A,-1.1673248,-1.2932264
G33C,-1.1868979,-1.3610623
G33D,-1.1748792,-1.3196356
G33E,-1.178044,-1.3299181
G33F,-1.184318,-1.35262
G33H,-1.1800681,-1.3369608
G33I,-1.1928526,-1.3832881
G33K,-1.180626,-1.3382553
G33L,-1.1818062,-1.3432325
G33M,-1.1847879,-1.3526622
G33N,-1.1741655,-1.3174735
G33P,-1.1909945,-1.3767148
G33Q,-1.1778283,-1.3299651
G33R,-1.1770322,-1.32567
G33S,-1.1681253,-1.2961732
G33T,-1.1828611,-1.3478376
G33V,-1.1909314,-1.3760573
G33W,-1.186112,-1.3587363
G33Y,-1.182478,-1.3458437
V34A,-1.1582104,-1.2614022
V34C,-1.1597152,-1.2661924
V34D,-1.1556444,-1.2524793
V34E,-1.153086,-1.2425352
V34F,-1.1501791,-1.2316674
V34G,-1.1645136,-1.2842333
V34H,-1.1498826,-1.2309902
V34I,-1.1489019,-1.2279916
V34K,-1.1518556,-1.238159
V34L,-1.1527475,-1.2411965
V34M,-1.1527821,-1.2399957
V34N,-1.1481702,-1.2263659
V34P,-1.1805393,-1.3403268
V34Q,-1.1524684,-1.2407023
V34R,-1.1485693,-1.2263268
V34S,-1.1556807,-1.252853
V34T,-1.1454182,-1.2160184
V34W,-1.1549773,-1.248549
V34Y,-1.1484842,-1.2257863
G35A,-1.1575376,-1.2600591
G35C,-1.1793622,-1.3377429
G35D,-1.1763004,-1.3285106
G35E,-1.1804281,-1.3432648
G35F,-1.176155,-1.3264065
G35H,-1.1779307,-1.3343182
G35I,-1.1946449,-1.3969357
G35K,-1.1780385,-1.3387115
G35L,-1.1788279,-1.3378307
G35M,-1.1758243,-1.3254552
G35N,-1.1781398,-1.3352236
G35P,-1.1893013,-1.3729148
G35Q,-1.1778032,-1.3349453
G35R,-1.1749965,-1.3278137
G35S,-1.1635871,-1.2829237
G35T,-1.1836547,-1.3554358
G35V,-1.1922145,-1.3881716
G35W,-1.1816424,-1.3465117
G35Y,-1.1747558,-1.3216598
V36A,-1.1603675,-1.2694523
V36C,-1.1628356,-1.2776977
V36D,-1.1734091,-1.3169999
V36E,-1.1704614,-1.3050492
V36F,-1.1683294,-1.2967969
V36G,-1.1687704,-1.3001572
V36H,-1.1716475,-1.309423
V36I,-1.1452985,-1.2146353
V36K,-1.1767008,-1.3278186
V36L,-1.1503894,-1.2327886
V36M,-1.1547122,-1.2478627
V36N,-1.1705468,-1.3069041
V36P,-1.1923969,-1.3826305
V36Q,-1.167887,-1.2965714
V36R,-1.1757306,-1.3243042
V36S,-1.1673695,-1.295545
V36T,-1.16272,-1.2782153
V36W,-1.1750101,-1.3213416
V36Y,-1.1692462,-1.3003496
G37A,-1.1521125,-1.2382163
G37C,-1.1637777,-1.2825867
G37D,-1.1683544,-1.3004266
G37E,-1.1704339,-1.3080518
G37F,-1.1827691,-1.3492715
G37H,-1.1805749,-1.3420502
G37I,-1.1701035,-1.3035151
G37K,-1.1794068,-1.3416702
G37L,-1.164143,-1.2822423
G37M,-1.16606,-1.2892407
G37N,-1.169801,-1.3038828
G37P,-1.1780224,-1.3315151
G37Q,-1.1685022,-1.3008796
G37R,-1.1766765,-1.3337626
G37S,-1.1560582,-1.2531928
G37T,-1.165088,-1.2849063
G37V,-1.1687992,-1.2977065
G37W,-1.1928208,-1.385574
G37Y,-1.1839076,-1.3532897
W38A,-1.1598921,-1.2664727
W38C,-1.1636056,-1.2938995
W38D,-1.1787293,-1.332646
W38E,-1.1782196,-1.3300003
W38F,-1.1522535,-1.2390741
W38G,-1.1696742,-1.30195
W38H,-1.1628987,-1.2762524
W38I,-1.1651156,-1.2854773
W38K,-1.1787685,-1.3336977
W38L,-1.1667058,-1.2915595
W38M,-1.1632055,-1.2777858
W38N,-1.1732539,-1.3142426
W38P,-1.1885277,-1.3679701
W38Q,-1.1737703,-1.3154013
W38R,-1.1791209,-1.334849
W38S,-1.1692586,-1.2998862
W38T,-1.1685901,-1.2977183
W38V,-1.1608434,-1.2703831
W38Y,-1.1590317,-1.2635267
L39A,-1.1432828,-1.2078234
L39C,-1.155458,-1.251434
L39D,-1.159954,-1.269891
L39E,-1.1616895,-1.2772657
L39F,-1.1425663,-1.206033
L39G,-1.1537277,-1.2461791
L39H,-1.1537269,-1.248181
L39I,-1.1540984,-1.2452399
L39K,-1.1677074,-1.2970198
L39M,-1.1470418,-1.2213488
L39N,-1.1578826,-1.2644517
L39P,-1.1752985,-1.3211461
L39Q,-1.159838,-1.2716922
L39R,-1.167602,-1.2972553
L39S,-1.1497306,-1.2324123
L39T,-1.1538007,-1.2464781
L39V,-1.1513551,-1.2347926
L39W,-1.1558404,-1.2544824
L39Y,-1.1485528,-1.227837
R40A,-1.1671423,-1.2929705
R40C,-1.1615775,-1.2737744
R40D,-1.1603998,-1.2703717
R40E,-1.1681573,-1.2968165
R40F,-1.1607921,-1.2695074
R40G,-1.1757222,-1.3244542
R40H,-1.1533252,-1.2439189
R40I,-1.1732588,-1.314033
R40K,-1.1566186,-1.2553153
R40L,-1.1639818,-1.280188
R40M,-1.1611601,-1.2695345
R40N,-1.1556954,-1.2535619
R40P,-1.1917849,-1.3801752
R40Q,-1.1602927,-1.2694029
R40S,-1.1608962,-1.2718837
R40T,-1.1675932,-1.2952417
R40V,-1.1727462,-1.3118021
R40W,-1.1505948,-1.2341475
R40Y,-1.1558087,-1.2528028
Q41A,-1.1594906,-1.2659227
Q41C,-1.1598788,-1.2675726
Q41D,-1.1654024,-1.285828
Q41E,-1.1540648,-1.2425426
Q41F,-1.1744027,-1.3168888
Q41G,-1.1715603,-1.3095928
Q41H,-1.1626843,-1.2797419
Q41I,-1.1577969,-1.2588059
Q41K,-1.1434845,-1.2110339
Q41L,-1.1589355,-1.2625031
Q41M,-1.1552842,-1.2479533
Q41N,-1.155272,-1.253853
Q41P,-1.1819247,-1.345449
Q41R,-1.1472498,-1.2247204
Q41S,-1.157927,-1.2617489
Q41T,-1.1539903,-1.247323
Q41V,-1.1594535,-1.2649161
Q41W,-1.1780151,-1.328091
Q41Y,-1.1747671,-1.3184627
P42A,-1.1523129,-1.2400966
P42C,-1.169862,-1.3053586
P42D,-1.1676439,-1.2924854
P42E,-1.16065,-1.266248
P42F,-1.1737901,-1.3152047
P42G,-1.1643701,-1.2835438
P42H,-1.1664828,-1.2932336
P42I,-1.172351,-1.3089477
P42K,-1.1584296,-1.2624205
P42L,-1.1710385,-1.3045605
P42M,-1.1694106,-1.2962399
P42N,-1.1630832,-1.27983
P42Q,-1.157857,-1.2596816
P42R,-1.1566869,-1.2574441
P42S,-1.1570094,-1.2577741
P42T,-1.1629341,-1.2784655
P42V,-1.1666719,-1.2899104
P42W,-1.179604,-1.3366328
P42Y,-1.1721501,-1.3109636
P43A,-1.157458,-1.2593434
P43C,-1.1704005,-1.3074224
P43D,-1.1577849,-1.258283
P43E,-1.1563097,-1.2509259
P43F,-1.1638916,-1.2806756
P43G,-1.1646212,-1.2849677
P43H,-1.1612535,-1.2704266
P43I,-1.1628432,-1.2776862
P43K,-1.1564897,-1.2543619
P43L,-1.1581881,-1.2599173
P43M,-1.1646574,-1.2812481
P43N,-1.1592644,-1.2665497
P43Q,-1.1561313,-1.2523106
P43R,-1.1594198,-1.2644466
P43S,-1.1552112,-1.2521785
P43T,-1.156721,-1.2574757
P43V,-1.1600091,-1.2676982
P43W,-1.1700431,-1.3015263
P43Y,-1.1640073,-1.2809539
G44A,-1.1656176,-1.2878011
G44C,-1.17773,-1.329878
G44D,-1.1633159,-1.2774229
G44E,-1.1665369,-1.2859669
G44F,-1.1722789,-1.309752
G44H,-1.1668779,-1.289592
G44I,-1.1817918,-1.3442289
G44K,-1.1646525,-1.2818086
G44L,-1.1683192,-1.2951033
G44M,-1.1736293,-1.3121753
G44N,-1.159323,-1.2651597
G44P,-1.1853317,-1.356399
G44Q,-1.166978,-1.289479
G44R,-1.166316,-1.287348
G44S,-1.1644859,-1.2841183
G44T,-1.1724868,-1.3121996
G44V,-1.1791506,-1.3344744
G44W,-1.1767795,-1.3251987
G44Y,-1.1716921,-1.3080999
K45A,-1.1488609,-1.2290647
K45C,-1.1621948,-1.2768786
K45D,-1.1502545,-1.2325107
K45E,-1.1476632,-1.2210637
K45F,-1.1606683,-1.2697388
K45G,-1.1505543,-1.2351689
K45H,-1.1551656,-1.2490395
K45I,-1.164868,-1.2854146
K45L,-1.1542763,-1.2467412
K45M,-1.1558897,-1.2513232
K45N,-1.1535293,-1.2457554
K45P,-1.1737912,-1.3174134
K45Q,-1.1470388,-1.2208548
K45R,-1.1515973,-1.2362812
K45S,-1.147271,-1.2240732
K45T,-1.1585453,-1.2640314
K45V,-1.161654,-1.2735504
K45W,-1.164651,-1.2830324
K45Y,-1.160419,-1.2688553
A46C,-1.1619514,-1.2711308
A46D,-1.1541742,-1.2461926
A46E,-1.1480092,-1.2224925
A46F,-1.1593796,-1.2637053
A46G,-1.1582316,-1.2604512
A46H,-1.1516582,-1.2360281
A46I,-1.1650985,-1.2842501
A46K,-1.1471113,-1.2200632
A46L,-1.1591191,-1.2622901
A46M,-1.1554521,-1.2476543
A46N,-1.1523575,-1.2403051
A46P,-1.1605663,-1.2684804
A46Q,-1.147186,-1.2206453
A46R,-1.1486932,-1.2254794
A46S,-1.1488189,-1.2277805
A46T,-1.1558577,-1.252345
A46V,-1.1631597,-1.2773283
A46W,-1.163629,-1.2782786
A46Y,-1.157408,-1.2567389
L47A,-1.1667389,-1.2923725
L47C,-1.1687485,-1.2993457
L47D,-1.1663101,-1.2912902
L47E,-1.1688185,-1.2993677
L47F,-1.1627392,-1.27789
L47G,-1.1731845,-1.3158088
L47H,-1.161262,-1.272911
L47I,-1.1590903,-1.2644337
L47K,-1.1658776,-1.2900019
L47M,-1.1546328,-1.2479346
L47N,-1.1587535,-1.2645509
L47P,-1.1626846,-1.277728
L47Q,-1.1636187,-1.2809708
L47R,-1.1626953,-1.2781473
L47S,-1.1676047,-1.2961309
L47T,-1.1697255,-1.3028357
L47V,-1.166872,-1.2914951
L47W,-1.1649426,-1.286545
L47Y,-1.1623563,-1.2766267
E48A,-1.1582273,-1.2622483
E48C,-1.1669873,-1.2914282
E48D,-1.154077,-1.2470562
E48F,-1.1667924,-1.291875
E48G,-1.1635168,-1.2809234
E48H,-1.1544216,-1.2475754
E48I,-1.1652508,-1.2866778
E48K,-1.1542095,-1.24717
E48L,-1.162268,-1.275622
E48M,-1.1610098,-1.2703052
E48N,-1.1565876,-1.2572211
E48P,-1.1782068,-1.3327683
E48Q,-1.1511099,-1.2364384
E48R,-1.1547388,-1.2485839
E48S,-1.1541778,-1.2484422
E48T,-1.157571,-1.2602315
E48V,-1.1629484,-1.2783092
E48W,-1.1697998,-1.3026701
E48Y,-1.1652585,-1.2868992
W49A,-1.1571866,-1.257484
W49C,-1.1685195,-1.2983019
W49D,-1.1640645,-1.2825576
W49E,-1.1645596,-1.2842698
W49F,-1.1591702,-1.2639295
W49G,-1.1612822,-1.2722412
W49H,-1.154673,-1.2481128
W49I,-1.1727655,-1.3124311
W49K,-1.1675353,-1.294336
W49L,-1.1670244,-1.2918397
W49M,-1.1632215,-1.2776263
W49N,-1.1628186,-1.2780598
W49P,-1.1678082,-1.2954065
W49Q,-1.1630222,-1.2784331
W49R,-1.1679276,-1.2959753
W49S,-1.1554664,-1.2520709
W49T,-1.1568427,-1.2565802
W49V,-1.1685711,-1.2972561
W49Y,-1.1662878,-1.2895609
L50A,-1.1664809,-1.2909572
L50C,-1.173504,-1.3156995
L50D,-1.1668197,-1.2935163
L50E,-1.1697359,-1.3032486
L50F,-1.1703832,-1.3042864
L50G,-1.1731488,-1.3158066
L50H,-1.1731615,-1.3150135
L50I,-1.1682085,-1.2970212
L50K,-1.1698763,-1.3037946
L50M,-1.1613897,-1.2716281
L50N,-1.1709515,-1.3081388
L50P,-1.1876187,-1.3663901
L50Q,-1.1684374,-1.298686
L50R,-1.1698068,-1.3036734
L50S,-1.1679872,-1.2976408
L50T,-1.1739175,-1.3185412
L50V,-1.1720091,-1.3104821
L50W,-1.1747583,-1.3207785
L50Y,-1.1681283,-1.2969055
A51C,-1.171548,-1.3130573
A51D,-1.17253,-1.312388
A51E,-1.1800313,-1.33823
A51F,-1.1844752,-1.3534701
A51G,-1.1661761,-1.2895235
A51H,-1.179762,-1.3379228
A51I,-1.1925309,-1.3826923
A51K,-1.1848801,-1.3560697
A51L,-1.1828153,-1.3479143
A51M,-1.178135,-1.330673
A51N,-1.1727084,-1.3137269
A51P,-1.18555,-1.3582294
A51Q,-1.1765914,-1.3268228
A51R,-1.1857183,-1.3587618
A51S,-1.1534697,-1.2445903
A51T,-1.1681094,-1.2966325
A51V,-1.1809027,-1.3411832
A51W,-1.184887,-1.3554016
A51Y,-1.1839458,-1.3525867
L52A,-1.1666952,-1.2936213
L52C,-1.1648184,-1.2848271
L52D,-1.1697141,-1.3058772
L52E,-1.1651101,-1.2904713
L52F,-1.16756,-1.2949713
L52G,-1.16647,-1.2941309
L52H,-1.1642416,-1.28376
L52I,-1.1649119,-1.2872039
L52K,-1.1694264,-1.3058162
L52M,-1.1611481,-1.2725544
L52N,-1.1654743,-1.2892203
L52P,-1.1914353,-1.383481
L52Q,-1.1650044,-1.2882689
L52R,-1.169036,-1.3052768
L52S,-1.1678102,-1.2989782
L52T,-1.160541,-1.2728387
L52V,-1.166458,-1.2926068
L52W,-1.1711622,-1.3088263
L52Y,-1.1636384,-1.2810824
I53A,-1.1692762,-1.3005072
I53C,-1.1727474,-1.3109025
I53D,-1.1722524,-1.31234
I53E,-1.1693718,-1.3009889
I53F,-1.1798562,-1.3386952
I53G,-1.1743181,-1.319839
I53H,-1.1775571,-1.3300049
I53K,-1.1731018,-1.314442
I53L,-1.1654518,-1.2866762
I53M,-1.1737411,-1.3157473
I53N,-1.17153,-1.3100512
I53P,-1.18815,-1.3679479
I53Q,-1.1713215,-1.3084415
I53R,-1.1757208,-1.3237672
I53S,-1.1688724,-1.3004882
I53T,-1.1613419,-1.2730094
I53V,-1.1525139,-1.2403632
I53W,-1.1802764,-1.3404619
I53Y,-1.1777755,-1.3308867
Y54A,-1.1633247,-1.2785392
Y54C,-1.1753154,-1.3192447
Y54D,-1.1603057,-1.2695209
Y54E,-1.1631751,-1.2788391
Y54F,-1.1586845,-1.2615167
Y54G,-1.1698332,-1.3024411
Y54H,-1.1586884,-1.2625562
Y54I,-1.1780895,-1.3301091
Y54K,-1.1669004,-1.2896127
Y54L,-1.1641709,-1.2804042
Y54M,-1.1644061,-1.2803634
Y54N,-1.1642557,-1.283405
Y54P,-1.1870763,-1.3619541
Y54Q,-1.1645837,-1.2834967
Y54R,-1.1604825,-1.2665517
Y54S,-1.1612358,-1.2723919
Y54T,-1.1635046,-1.2794791
Y54V,-1.1781635,-1.3303897
Y54W,-1.1598,-1.2661922
W55A,-1.1519358,-1.2395587
W55C,-1.1588799,-1.2620082
W55D,-1.1470534,-1.2226499
W55E,-1.1463575,-1.2186803
W55F,-1.1448922,-1.2131094
W55G,-1.1645548,-1.2851027
W55H,-1.1432967,-1.207286
W55I,-1.1661283,-1.2889876
W55K,-1.1599119,-1.2661676
W55L,-1.1639009,-1.2801358
W55M,-1.1635284,-1.2778484
W55N,-1.1483996,-1.2276114
W55P,-1.1795158,-1.3371028
W55Q,-1.1499965,-1.2315563
W55R,-1.1604413,-1.2678766
W55S,-1.1494014,-1.2315542
W55T,-1.159864,-1.2683443
W55V,-1.1637429,-1.2807479
W55Y,-1.1413934,-1.200884
D56A,-1.1652917,-1.283403
D56C,-1.1684685,-1.2933805
D56E,-1.1658357,-1.2864169
D56F,-1.1669124,-1.2868314
D56G,-1.167953,-1.2935377
D56H,-1.162015,-1.2698339
D56I,-1.1762924,-1.3201089
D56K,-1.1704336,-1.292658
D56L,-1.1702601,-1.2994714
D56M,-1.1723349,-1.3054086
D56N,-1.1450354,-1.2130877
D56P,-1.1848098,-1.3527098
D56Q,-1.1660386,-1.2856308
D56R,-1.1697751,-1.2916608
D56S,-1.1593972,-1.2638149
D56T,-1.1641792,-1.2807304
D56V,-1.1754067,-1.3181994
D56W,-1.168465,-1.2927471
D56Y,-1.1646932,-1.2799222
D57A,-1.1597533,-1.2654141
D57C,-1.1690977,-1.2954966
D57E,-1.155154,-1.2475361
D57F,-1.1605488,-1.2667464
D57G,-1.1648321,-1.2840805
D57H,-1.1616337,-1.2703794
D57I,-1.1679441,-1.2934462
D57K,-1.1596409,-1.2630234
D57L,-1.1577652,-1.2563174
D57M,-1.1609086,-1.2662609
D57N,-1.1491568,-1.2289932
D57P,-1.18284,-1.3474182
D57Q,-1.1582724,-1.2591782
D57R,-1.1606096,-1.2657999
D57S,-1.1557477,-1.253134
D57T,-1.1597177,-1.2664537
D57V,-1.1675329,-1.2921954
D57W,-1.1659482,-1.2843324
D57Y,-1.1592041,-1.2614568
D58A,-1.1492475,-1.2247884
D58C,-1.1594083,-1.2585555
D58E,-1.1477334,-1.222426
D58F,-1.1534501,-1.2373459
D58G,-1.1598346,-1.2623006
D58H,-1.1520895,-1.2314095
D58I,-1.1531851,-1.2369585
D58K,-1.1575024,-1.2454485
D58L,-1.1550808,-1.2433931
D58M,-1.1572433,-1.2499883
D58N,-1.1509916,-1.231599
D58P,-1.1777215,-1.3249278
D58Q,-1.1523484,-1.2352937
D58R,-1.154631,-1.2346869
D58S,-1.1454527,-1.2128859
D58T,-1.143601,-1.2053579
D58V,-1.1476599,-1.2180818
D58W,-1.1589519,-1.2573787
D58Y,-1.1496946,-1.2236964
K59A,-1.1504027,-1.2334834
K59C,-1.157167,-1.256271
K59D,-1.1622673,-1.2761185
K59E,-1.1530633,-1.2418474
K59F,-1.1713918,-1.3074405
K59G,-1.1637005,-1.2809997
K59H,-1.1657945,-1.286955
K59I,-1.1588274,-1.2627646
K59L,-1.1637896,-1.2801056
K59M,-1.1591184,-1.2624032
K59N,-1.162214,-1.2764515
K59P,-1.1601384,-1.2674105
K59Q,-1.1527212,-1.2414359
K59R,-1.1491243,-1.2278811
K59S,-1.1540374,-1.2473305
K59T,-1.150821,-1.2355732
K59V,-1.1550266,-1.2493478
K59W,-1.1744967,-1.3181325
K59Y,-1.1693987,-1.3005855
R60A,-1.1498605,-1.2320861
R60C,-1.1545501,-1.247859
R60D,-1.1504225,-1.2349474
R60E,-1.1491708,-1.2292415
R60F,-1.1480281,-1.2246549
R60G,-1.1544082,-1.2485019
R60H,-1.1449524,-1.213576
R60I,-1.1586728,-1.2631131
R60K,-1.1459754,-1.2173603
R60L,-1.1590102,-1.2636567
R60M,-1.1538496,-1.2445556
R60N,-1.1469841,-1.2224362
R60P,-1.1712215,-1.3077357
R60Q,-1.1473025,-1.2228538
R60S,-1.148518,-1.228179
R60T,-1.1493528,-1.2307473
R60V,-1.149697,-1.2312038
R60W,-1.1559277,-1.2529489
R60Y,-1.1478378,-1.2242138
Y61A,-1.1676146,-1.2946707
Y61C,-1.1674447,-1.2933851
Y61D,-1.1655623,-1.2875239
Y61E,-1.1651675,-1.2847841
Y61F,-1.152329,-1.2393496
Y61G,-1.175828,-1.323738
Y61H,-1.1620178,-1.2737266
Y61I,-1.1729153,-1.313025
Y61K,-1.1701112,-1.3031957
Y61L,-1.1578348,-1.2588542
Y61M,-1.167633,-1.2929345
Y61N,-1.1647406,-1.2851274
Y61P,-1.186726,-1.36192
Y61Q,-1.1695914,-1.3015584
Y61R,-1.1704335,-1.3040417
Y61S,-1.1651881,-1.2869732
Y61T,-1.1613551,-1.2725492
Y61V,-1.1696714,-1.3014189
Y61W,-1.1712658,-1.3066245
S62A,-1.1477685,-1.2232716
S62C,-1.1508306,-1.2315328
S62D,-1.1436906,-1.2087549
S62E,-1.1460807,-1.2170124
S62F,-1.1613601,-1.2701669
S62G,-1.1662118,-1.2888577
S62H,-1.1457392,-1.2148209
S62I,-1.1622244,-1.2741696
S62K,-1.1408092,-1.1972222
S62L,-1.1465482,-1.2178084
S62M,-1.1526641,-1.2390087
S62N,-1.1371412,-1.1856278
S62P,-1.1712348,-1.3062092
S62Q,-1.1426058,-1.2047906
S62R,-1.1437109,-1.2071975
S62T,-1.1533718,-1.2432705
S62V,-1.1616722,-1.2722999
S62W,-1.1624506,-1.2738658
S62Y,-1.158997,-1.2621204
P63A,-1.1702375,-1.3044678
P63C,-1.1797734,-1.3363982
P63D,-1.1686091,-1.2984363
P63E,-1.1673529,-1.2921845
P63F,-1.1734415,-1.3143233
P63G,-1.1787161,-1.3346732
P63H,-1.1711756,-1.3052104
P63I,-1.1736186,-1.3157781
P63K,-1.169989,-1.3018042
P63L,-1.1677476,-1.2941874
P63M,-1.1760726,-1.3225092
P63N,-1.1704037,-1.3056599
P63Q,-1.1684098,-1.296691
P63R,-1.1718369,-1.3076257
P63S,-1.1665035,-1.2921764
P63T,-1.1666166,-1.2921953
P63V,-1.1688915,-1.2992109
P63W,-1.176347,-1.3241072
P63Y,-1.1718597,-1.3091401
S64A,-1.1498271,-1.2302694
S64C,-1.16484,-1.2809482
S64D,-1.1490141,-1.226798
S64E,-1.1521612,-1.2355
S64F,-1.1601769,-1.2654775
S64G,-1.154328,-1.2468314
S64H,-1.1569544,-1.2527586
S64I,-1.1590803,-1.2620713
S64K,-1.1527708,-1.2384633
S64L,-1.15466,-1.2456264
S64M,-1.158806,-1.2593266
S64N,-1.1510216,-1.2350562
S64P,-1.1671091,-1.2903509
S64Q,-1.1532042,-1.2405195
S64R,-1.1551888,-1.2463561
S64T,-1.1495249,-1.229684
S64V,-1.1570396,-1.2549512
S64W,-1.1629057,-1.2741106
S64Y,-1.1597449,-1.2641363
L65A,-1.152949,-1.242772
L65C,-1.1646006,-1.2831591
L65D,-1.1535484,-1.2450639
L65E,-1.1487184,-1.2269993
L65F,-1.1552291,-1.2504404
L65G,-1.1663394,-1.290606
L65H,-1.1536571,-1.2437819
L65I,-1.1598998,-1.2675837
L65K,-1.1479812,-1.223526
L65M,-1.1509528,-1.2339296
L65N,-1.1570711,-1.2582476
L65P,-1.178128,-1.332152
L65Q,-1.1495701,-1.2300882
L65R,-1.1488414,-1.2264019
L65S,-1.1512034,-1.237642
L65T,-1.1540279,-1.2472081
L65V,-1.1595674,-1.2660788
L65W,-1.1593698,-1.264702
L65Y,-1.1539073,-1.2459534
K66A,-1.1425016,-1.2063528
K66C,-1.1636431,-1.280438
K66D,-1.1587782,-1.263446
K66E,-1.1491362,-1.226542
K66F,-1.1646675,-1.2837988
K66G,-1.1614805,-1.2740543
K66H,-1.1604028,-1.2678131
K66I,-1.1568398,-1.2569078
K66L,-1.1587421,-1.2627445
K66M,-1.1585164,-1.2598798
K66N,-1.1592638,-1.2668839
K66P,-1.1771108,-1.328867
K66Q,-1.1487573,-1.2273563
K66R,-1.1511748,-1.2352197
K66S,-1.1489094,-1.2302629
K66T,-1.15439,-1.2496912
K66V,-1.154379,-1.2482558
K66W,-1.1701945,-1.302657
K66Y,-1.1649901,-1.2852083
S67A,-1.1485023,-1.2249554
S67C,-1.1675845,-1.2921356
S67D,-1.1484683,-1.222481
S67E,-1.1519519,-1.2308339
S67F,-1.162933,-1.2741507
S67G,-1.1567016,-1.2549313
S67H,-1.1538024,-1.2414838
S67I,-1.1658677,-1.2857176
S67K,-1.1530879,-1.2382108
S67L,-1.1615468,-1.2691474
S67M,-1.1640338,-1.2751245
S67N,-1.1507208,-1.2333043
S67P,-1.169401,-1.2982354
S67Q,-1.1539682,-1.2421075
S67R,-1.1569476,-1.2506746
S67T,-1.1540201,-1.2453663
S67V,-1.1625757,-1.2740096
S67W,-1.1647695,-1.2794462
S67Y,-1.1606883,-1.266362
R68A,-1.1555022,-1.2514279
R68C,-1.159697,-1.2647806
R68D,-1.1470395,-1.220412
R68E,-1.151926,-1.236563
R68F,-1.1527464,-1.2402678
R68G,-1.1537881,-1.2458309
R68H,-1.151782,-1.2363727
R68I,-1.1482078,-1.225118
R68K,-1.1476777,-1.2232926
R68L,-1.1551528,-1.2490023
R68M,-1.1572118,-1.2553021
R68N,-1.1443583,-1.2121586
R68P,-1.1761674,-1.3243939
R68Q,-1.1491803,-1.2279141
R68S,-1.1500515,-1.2327733
R68T,-1.1504829,-1.2338879
R68V,-1.1469032,-1.220551
R68W,-1.1596944,-1.2650298
R68Y,-1.1517704,-1.2374591
L69A,-1.1755865,-1.323502
L69C,-1.1769062,-1.3268995
L69D,-1.1853089,-1.3579105
L69E,-1.1811966,-1.342374
L69F,-1.1729903,-1.3137076
L69G,-1.179645,-1.3377801
L69H,-1.1835673,-1.3506471
L69I,-1.1709448,-1.3069706
L69K,-1.1885228,-1.3686092
L69M,-1.1712682,-1.3062223
L69N,-1.1802782,-1.340349
L69P,-1.1931952,-1.3862513
L69Q,-1.1786156,-1.3339232
L69R,-1.1841979,-1.353605
L69S,-1.177807,-1.3318577
L69T,-1.1755239,-1.3232751
L69V,-1.1775187,-1.3300772
L69W,-1.1822942,-1.3464907
L69Y,-1.1753967,-1.3224148
T70A,-1.1425053,-1.2044046
T70C,-1.15475,-1.2458993
T70D,-1.142522,-1.2028608
T70E,-1.145135,-1.2095575
T70F,-1.148977,-1.2253873
T70G,-1.1548775,-1.2484361
T70H,-1.1462944,-1.2156738
T70I,-1.155304,-1.2493975
T70K,-1.1441846,-1.209084
T70L,-1.1490965,-1.2258325
T70M,-1.1519088,-1.2344595
T70N,-1.1422249,-1.2039514
T70P,-1.172515,-1.3104233
T70Q,-1.1443174,-1.2094108
T70R,-1.1476429,-1.2203538
T70S,-1.1403027,-1.1974778
T70V,-1.1524109,-1.2391169
T70W,-1.1557938,-1.2490187
T70Y,-1.1500077,-1.2295871
I71A,-1.167168,-1.2929556
I71C,-1.1733706,-1.3137269
I71D,-1.1770813,-1.3284258
I71E,-1.1749877,-1.3200241
I71F,-1.1758786,-1.3232363
I71G,-1.1777706,-1.3310709
I71H,-1.1795114,-1.3361241
I71K,-1.1770734,-1.3283697
I71L,-1.1643802,-1.2818875
I71M,-1.1672448,-1.2913347
I71N,-1.1744112,-1.3195876
I71P,-1.1777972,-1.3303266
I71Q,-1.1721331,-1.3104359
I71R,-1.179956,-1.3391038
I71S,-1.1696954,-1.3026121
I71T,-1.1640849,-1.2820302
I71V,-1.151162,-1.2354867
I71W,-1.1829523,-1.3479512
I71Y,-1.1804771,-1.3402854
S72A,-1.1551101,-1.2489028
S72C,-1.1748351,-1.3182323
S72D,-1.1579198,-1.2576967
S72E,-1.162018,-1.2699615
S72F,-1.1714767,-1.3063954
S72G,-1.1630242,-1.2779486
S72H,-1.1721026,-1.3072145
S72I,-1.1755857,-1.3213514
S72K,-1.1673701,-1.2905064
S72L,-1.171066,-1.3042624
S72M,-1.1669887,-1.2881958
S72N,-1.1617887,-1.2732236
S72P,-1.188506,-1.367129
S72Q,-1.1626433,-1.2741363
S72R,-1.1685729,-1.2942995
S72T,-1.1554279,-1.2506341
S72V,-1.1738276,-1.3154044
S72W,-1.1704764,-1.3025119
S72Y,-1.1722636,-1.3094848
K73A,-1.152708,-1.2414056
K73C,-1.1689959,-1.2987647
K73D,-1.1596022,-1.2660159
K73E,-1.1583501,-1.2594094
K73F,-1.1721336,-1.31013
K73G,-1.1663196,-1.290188
K73H,-1.1610235,-1.2703418
K73I,-1.1657338,-1.2877133
K73L,-1.1644007,-1.2820512
K73M,-1.1597813,-1.2643213
K73N,-1.1605039,-1.2701741
K73P,-1.1763107,-1.3249665
K73Q,-1.1503258,-1.2322026
K73R,-1.1530697,-1.24206
K73S,-1.1498824,-1.2320338
K73T,-1.1588807,-1.2637032
K73V,-1.1610099,-1.2705823
K73W,-1.1750357,-1.3195357
K73Y,-1.1694858,-1.3010619
D74A,-1.1610857,-1.2730203
D74C,-1.1632029,-1.2785612
D74E,-1.159574,-1.2632431
D74F,-1.1665299,-1.2906117
D74G,-1.1692582,-1.3018975
D74H,-1.1622313,-1.2736033
D74I,-1.1660756,-1.2897066
D74K,-1.1630287,-1.2770388
D74L,-1.1663557,-1.2896911
D74M,-1.1687256,-1.2965356
D74N,-1.1468482,-1.221816
D74P,-1.1783175,-1.3335038
D74Q,-1.1612375,-1.2716287
D74R,-1.164403,-1.2812755
D74S,-1.1507491,-1.2364781
D74T,-1.157578,-1.2598718
D74V,-1.1651827,-1.2865188
D74W,-1.1702344,-1.3036513
D74Y,-1.1651586,-1.2868565
T75A,-1.1470021,-1.220827
T75C,-1.1583159,-1.2604194
T75D,-1.1473024,-1.2209216
T75E,-1.1470742,-1.2184601
T75F,-1.149719,-1.2292523
T75G,-1.1555984,-1.2515411
T75H,-1.1483511,-1.2228626
T75I,-1.1432921,-1.2071023
T75K,-1.1474727,-1.2208207
T75L,-1.1401216,-1.1945761
T75M,-1.1514517,-1.233806
T75N,-1.1490909,-1.2286701
T75P,-1.1683497,-1.2953188
T75Q,-1.1468968,-1.2191507
T75R,-1.149936,-1.228981
T75S,-1.1459312,-1.2176113
T75V,-1.1454967,-1.2148159
T75W,-1.1543567,-1.2453976
T75Y,-1.1490957,-1.2277658
S76A,-1.1455178,-1.2143008
S76C,-1.1638268,-1.2775041
S76D,-1.1495677,-1.2249272
S76E,-1.1498657,-1.2213734
S76F,-1.1590511,-1.2594166
S76G,-1.1529988,-1.241046
S76H,-1.157807,-1.2526838
S76I,-1.153841,-1.2424529
S76K,-1.148967,-1.221336
S76L,-1.151462,-1.2323114
S76M,-1.1577525,-1.2522599
S76N,-1.1492307,-1.226827
S76P,-1.1713899,-1.3044959
S76Q,-1.1495183,-1.2245777
S76R,-1.1525383,-1.232609
S76T,-1.1458436,-1.2167943
S76V,-1.1504335,-1.2307942
S76W,-1.1638682,-1.274631
S76Y,-1.159126,-1.2595307
K77A,-1.1454543,-1.2181706
K77C,-1.1656942,-1.2881429
K77D,-1.15547,-1.2516801
K77E,-1.1539607,-1.2423099
K77F,-1.162565,-1.2769601
K77G,-1.1583475,-1.2646897
K77H,-1.1613151,-1.2698694
K77I,-1.1647865,-1.2854266
K77L,-1.1482413,-1.2256845
K77M,-1.1554382,-1.2497824
K77N,-1.1520354,-1.2414201
K77P,-1.1780679,-1.3334842
K77Q,-1.149725,-1.2303965
K77R,-1.14958,-1.2287124
K77S,-1.1471581,-1.2246414
K77T,-1.1503977,-1.2356466
K77V,-1.16262,-1.2782578
K77W,-1.1682302,-1.2953099
K77Y,-1.1643167,-1.2827059
N78A,-1.1583781,-1.2606658
N78C,-1.1624378,-1.271643
N78D,-1.1540105,-1.2444708
N78E,-1.1582965,-1.2574666
N78F,-1.1575706,-1.2556978
N78G,-1.159818,-1.2656057
N78H,-1.1513495,-1.2344066
N78I,-1.1743928,-1.3165528
N78K,-1.1518978,-1.2373425
N78L,-1.1581007,-1.2576141
N78M,-1.1603192,-1.2642636
N78P,-1.1777457,-1.329014
N78Q,-1.1518937,-1.2368032
N78R,-1.1557122,-1.2502103
N78S,-1.150549,-1.2335496
N78T,-1.1633534,-1.2787755
N78V,-1.1740994,-1.3153259
N78W,-1.1657481,-1.2854671
N78Y,-1.1573281,-1.2559248
Q79A,-1.1550688,-1.2506188
Q79C,-1.1642176,-1.2818798
Q79D,-1.154645,-1.2487612
Q79E,-1.1439857,-1.209011
Q79F,-1.1655916,-1.2876492
Q79G,-1.166759,-1.2925985
Q79H,-1.1609515,-1.2684778
Q79I,-1.1547701,-1.2497821
Q79K,-1.1528553,-1.2416385
Q79L,-1.1529521,-1.2424642
Q79M,-1.1560119,-1.2520066
Q79N,-1.1519703,-1.2406858
Q79P,-1.1748338,-1.3203894
Q79R,-1.155278,-1.2498586
Q79S,-1.1518911,-1.2400544
Q79T,-1.1418493,-1.2040938
Q79V,-1.1535975,-1.2453675
Q79W,-1.1704943,-1.3038728
Q79Y,-1.1656785,-1.2881693
V80A,-1.1699369,-1.3030066
V80C,-1.1724694,-1.3116235
V80D,-1.1902007,-1.3752028
V80E,-1.1867664,-1.3619359
V80F,-1.1844769,-1.3539938
V80G,-1.18595,-1.3603379
V80H,-1.1916788,-1.3800275
V80I,-1.1663821,-1.2899791
V80K,-1.1929437,-1.3850268
V80L,-1.1783093,-1.3319596
V80M,-1.1783334,-1.3312783
V80N,-1.187619,-1.3666444
V80P,-1.2020046,-1.4168949
V80Q,-1.1871591,-1.3645732
V80R,-1.1917299,-1.3808247
V80S,-1.1776061,-1.331075
V80T,-1.1679542,-1.2966509
V80W,-1.1903799,-1.3752064
V80Y,-1.1876409,-1.3657825
V81A,-1.1575481,-1.2585474
V81C,-1.1635396,-1.2788528
V81D,-1.158866,-1.2626828
V81E,-1.152801,-1.2393157
V81F,-1.165524,-1.2859913
V81G,-1.1667271,-1.2916385
V81H,-1.1649528,-1.2832499
V81I,-1.1475074,-1.2226303
V81K,-1.156284,-1.2541087
V81L,-1.159813,-1.2654934
V81M,-1.1547015,-1.2466309
V81N,-1.1564882,-1.255446
V81P,-1.1793787,-1.3358107
V81Q,-1.1501497,-1.2316538
V81R,-1.1565601,-1.254661
V81S,-1.151908,-1.2390562
V81T,-1.1390865,-1.1933216
V81W,-1.1702048,-1.3022583
V81Y,-1.1657256,-1.2872878
L82A,-1.1736631,-1.3166243
L82C,-1.1762741,-1.3254596
L82D,-1.1880294,-1.3667979
L82E,-1.1831201,-1.3485224
L82F,-1.1759573,-1.3240081
L82G,-1.1787361,-1.3347948
L82H,-1.1861427,-1.3592271
L82I,-1.1643384,-1.283073
L82K,-1.1858821,-1.3591497
L82M,-1.1598277,-1.2659541
L82N,-1.1793503,-1.3370503
L82P,-1.2000763,-1.410213
L82Q,-1.1756817,-1.3232278
L82R,-1.1845655,-1.3545388
L82S,-1.1739339,-1.3179867
L82T,-1.1780955,-1.3323277
L82V,-1.1694387,-1.3014905
L82W,-1.1850257,-1.3557166
L82Y,-1.1827781,-1.3483771
K83A,-1.1562778,-1.2541567
K83C,-1.1670656,-1.2912021
K83D,-1.1647425,-1.2836277
K83E,-1.1497914,-1.2282081
K83F,-1.1727808,-1.3120513
K83G,-1.1679387,-1.2959412
K83H,-1.1627498,-1.2755479
K83I,-1.1640025,-1.2815135
K83L,-1.1620095,-1.2732642
K83M,-1.1578144,-1.2580438
K83N,-1.1552942,-1.2515191
K83P,-1.1851281,-1.356625
K83Q,-1.1475538,-1.2226291
K83R,-1.14989,-1.2310333
K83S,-1.1510767,-1.2365971
K83T,-1.1538398,-1.2460675
K83V,-1.1599727,-1.2668287
K83W,-1.1747655,-1.3188024
K83Y,-1.1706793,-1.3051927
M84A,-1.1605773,-1.27077
M84C,-1.1661621,-1.2900039
M84D,-1.1733241,-1.3161895
M84E,-1.158706,-1.2631596
M84F,-1.161912,-1.2747926
M84G,-1.1735778,-1.3174189
M84H,-1.1582923,-1.2615564
M84I,-1.1478857,-1.2253994
M84K,-1.1503556,-1.2338015
M84L,-1.1513464,-1.2373526
M84N,-1.1692591,-1.3019104
M84P,-1.1859255,-1.3607976
M84Q,-1.1537122,-1.2461904
M84R,-1.1545196,-1.2488374
M84S,-1.1628661,-1.2797015
M84T,-1.1614764,-1.2741514
M84V,-1.1532133,-1.2444683
M84W,-1.1604168,-1.269918
M84Y,-1.160496,-1.2702203
T85A,-1.1461655,-1.2173833
T85C,-1.1625682,-1.275072
T85D,-1.1534816,-1.2424071
T85E,-1.1519376,-1.234496
T85F,-1.1629826,-1.2763187
T85G,-1.1546593,-1.2481248
T85H,-1.1597111,-1.2631434
T85I,-1.1580566,-1.2598101
T85K,-1.1480283,-1.222679
T85L,-1.1609206,-1.269107
T85M,-1.1580344,-1.2571295
T85N,-1.1553646,-1.2507259
T85P,-1.1794407,-1.3356532
T85Q,-1.1531613,-1.2412708
T85R,-1.1519266,-1.2362403
T85S,-1.1449364,-1.2141856
T85V,-1.1545607,-1.2466744
T85W,-1.1652254,-1.2834593
T85Y,-1.1624893,-1.274522
N86A,-1.1545867,-1.2475843
N86C,-1.1606253,-1.2669162
N86D,-1.1496862,-1.2289454
N86E,-1.1537815,-1.2397776
N86F,-1.1563653,-1.2530055
N86G,-1.1555194,-1.25157
N86H,-1.153896,-1.2426821
N86I,-1.1659657,-1.2873273
N86K,-1.1528127,-1.2395741
N86L,-1.1553419,-1.2487956
N86M,-1.1593876,-1.2615751
N86P,-1.1797979,-1.3365732
N86Q,-1.1533945,-1.2416036
N86R,-1.1532584,-1.2412082
N86S,-1.1507183,-1.2348452
N86T,-1.1589134,-1.2635758
N86V,-1.163541,-1.2789987
N86W,-1.1605576,-1.2670581
N86Y,-1.1553558,-1.2494574
I87A,-1.1604404,-1.2684579
I87C,-1.1576188,-1.258246
I87D,-1.1754615,-1.3214995
I87E,-1.1717529,-1.3068162
I87F,-1.1636319,-1.2798696
I87G,-1.1743928,-1.3180695
I87H,-1.1743609,-1.3171357
I87K,-1.1708448,-1.3047367
I87L,-1.1563944,-1.2536466
I87M,-1.1496989,-1.2289804
I87N,-1.1651866,-1.285968
I87P,-1.1719872,-1.3090847
I87Q,-1.1642699,-1.2811639
I87R,-1.1666873,-1.2905341
I87S,-1.1619251,-1.2745408
I87T,-1.1518464,-1.2381992
I87V,-1.1425349,-1.2046069
I87W,-1.1703641,-1.3037688
I87Y,-1.168713,-1.2984887
D88A,-1.1396796,-1.1968205
D88C,-1.1504452,-1.234346
D88E,-1.1398596,-1.1945847
D88F,-1.1509594,-1.2355683
D88G,-1.1541995,-1.2487851
D88H,-1.1496407,-1.2294339
D88I,-1.1438298,-1.2106359
D88K,-1.1383648,-1.1910318
D88L,-1.1397378,-1.1962088
D88M,-1.1429325,-1.2062182
D88N,-1.144752,-1.2153764
D88P,-1.1659809,-1.2897676
D88Q,-1.1364361,-1.1843778
D88R,-1.1382711,-1.1902415
D88S,-1.1398567,-1.1977725
D88T,-1.1379771,-1.1908221
D88V,-1.1393096,-1.1943251
D88W,-1.1533726,-1.243251
D88Y,-1.151319,-1.2373112
P89A,-1.1665021,-1.2908734
P89C,-1.1680027,-1.2960546
P89D,-1.1672934,-1.2915213
P89E,-1.1623892,-1.2715445
P89F,-1.1602818,-1.2673953
P89G,-1.1760587,-1.3247619
P89H,-1.1658609,-1.2856532
P89I,-1.1600108,-1.2669659
P89K,-1.1646352,-1.2816243
P89L,-1.1602356,-1.2671204
P89M,-1.168147,-1.293146
P89N,-1.1671079,-1.2929425
P89Q,-1.1648715,-1.2836541
P89R,-1.1647187,-1.2812461
P89S,-1.1651624,-1.2867068
P89T,-1.1614186,-1.2729639
P89V,-1.1582547,-1.2609082
P89W,-1.1665055,-1.288068
P89Y,-1.160391,-1.2681266
V90A,-1.1404623,-1.1984832
V90C,-1.1508362,-1.2344443
V90D,-1.1423526,-1.203558
V90E,-1.141397,-1.1984115
V90F,-1.1500988,-1.2311876
V90G,-1.1401815,-1.197884
V90H,-1.1470836,-1.2190299
V90I,-1.1457694,-1.2162118
V90K,-1.1379563,-1.1872119
V90L,-1.1462785,-1.2171726
V90M,-1.1484509,-1.2242293
V90N,-1.1401625,-1.1971883
V90P,-1.1506121,-1.2326947
V90Q,-1.141277,-1.1996257
V90R,-1.1417958,-1.2004379
V90S,-1.1359208,-1.1827316
V90T,-1.1413503,-1.201737
V90W,-1.1504002,-1.2315228
V90Y,-1.1493361,-1.2288988
D91A,-1.1672606,-1.2937204
D91C,-1.170467,-1.3038317
D91E,-1.1651417,-1.284564
D91F,-1.1658795,-1.2877293
D91G,-1.1702199,-1.303563
D91H,-1.1597549,-1.2652638
D91I,-1.1796842,-1.3378366
D91K,-1.1725469,-1.3114483
D91L,-1.1682438,-1.2960445
D91M,-1.1632096,-1.2769237
D91N,-1.1555959,-1.2523756
D91P,-1.1913695,-1.3792802
D91Q,-1.1656729,-1.2875547
D91R,-1.1713315,-1.3069342
D91S,-1.1628715,-1.2788785
D91T,-1.169636,-1.3024043
D91V,-1.1769873,-1.3278184
D91W,-1.1668284,-1.2905558
D91Y,-1.1649112,-1.2845191
T92A,-1.1649209,-1.2844294
T92C,-1.1741418,-1.3163831
T92D,-1.174487,-1.3175461
T92E,-1.1668222,-1.2883855
T92F,-1.179505,-1.3350581
T92G,-1.1730715,-1.3132397
T92H,-1.1750466,-1.3188391
T92I,-1.1748273,-1.3188813
T92K,-1.1699237,-1.3015583
T92L,-1.1783104,-1.3306235
T92M,-1.1754805,-1.3193187
T92N,-1.1730083,-1.3137066
T92P,-1.1911871,-1.3770959
T92Q,-1.1673473,-1.2922021
T92R,-1.1714946,-1.307079
T92S,-1.1518183,-1.2385885
T92V,-1.1731892,-1.3132849
T92W,-1.1827357,-1.3464277
T92Y,-1.1770269,-1.3269943
A93C,-1.1744782,-1.3174218
A93D,-1.1676975,-1.2947669
A93E,-1.177802,-1.3298341
A93F,-1.1836911,-1.3505349
A93G,-1.169851,-1.3021909
A93H,-1.173224,-1.3128963
A93I,-1.1935816,-1.386543
A93K,-1.1717395,-1.3088174
A93L,-1.1831845,-1.348894
A93M,-1.1743392,-1.3165984
A93N,-1.1718137,-1.3094835
A93P,-1.1839945,-1.3521957
A93Q,-1.1761409,-1.3243273
A93R,-1.1697841,-1.3012142
A93S,-1.1594601,-1.2661196
A93T,-1.1783545,-1.3327717
A93V,-1.180643,-1.3402514
A93W,-1.1896057,-1.3710294
A93Y,-1.1820726,-1.3449641
T94A,-1.158515,-1.2620941
T94C,-1.1647346,-1.2822218
T94D,-1.1638216,-1.2804732
T94E,-1.1655679,-1.2856044
T94F,-1.1639501,-1.279657
T94G,-1.1789474,-1.3338848
T94H,-1.1653818,-1.2849394
T94I,-1.1540724,-1.244874
T94K,-1.1573695,-1.257272
T94L,-1.1680957,-1.2943349
T94M,-1.1647044,-1.2822281
T94N,-1.1607322,-1.2704726
T94P,-1.1763525,-1.3246628
T94Q,-1.1645575,-1.2833568
T94R,-1.1558837,-1.2523465
T94S,-1.1583967,-1.2623067
T94V,-1.1485442,-1.2253306
T94W,-1.1683334,-1.2953749
T94Y,-1.1611655,-1.2711096
Y95A,-1.1772047,-1.3272926
Y95C,-1.1799449,-1.3387806
Y95D,-1.1816618,-1.3432528
Y95E,-1.185921,-1.3572654
Y95F,-1.155965,-1.252174
Y95G,-1.1899103,-1.3721969
Y95H,-1.1700243,-1.3010913
Y95I,-1.1744866,-1.3191477
Y95K,-1.1786633,-1.3325679
Y95L,-1.1756486,-1.3219852
Y95M,-1.1746466,-1.3182029
Y95N,-1.1754744,-1.3221195
Y95P,-1.1913092,-1.3772233
Y95Q,-1.1829578,-1.3481649
Y95R,-1.1768168,-1.3257425
Y95S,-1.1779041,-1.3304567
Y95T,-1.1791403,-1.3346276
Y95V,-1.1722958,-1.3104507
Y95W,-1.1668674,-1.290748
Y96A,-1.1770393,-1.3260577
Y96C,-1.1781071,-1.3339347
Y96D,-1.1742667,-1.3173499
Y96E,-1.1781948,-1.3306689
Y96F,-1.1476023,-1.2215658
Y96G,-1.1734672,-1.3143276
Y96H,-1.1629941,-1.2772999
Y96I,-1.1680157,-1.2935942
Y96K,-1.1737185,-1.3149008
Y96L,-1.1630354,-1.2759885
Y96M,-1.1665621,-1.2882901
Y96N,-1.1725628,-1.3129866
Y96P,-1.1901789,-1.3729551
Y96Q,-1.1750594,-1.3204904
Y96R,-1.1686344,-1.2972513
Y96S,-1.1694037,-1.301258
Y96T,-1.1719785,-1.308881
Y96V,-1.1741147,-1.3151022
Y96W,-1.1625464,-1.2749994
C97A,-1.1593765,-1.2601343
C97D,-1.1734322,-1.3106542
C97E,-1.1819763,-1.340828
C97F,-1.1732223,-1.3084985
C97G,-1.1618704,-1.268877
C97H,-1.1756788,-1.317806
C97I,-1.1783518,-1.3278753
C97K,-1.1803868,-1.3353254
C97L,-1.1815039,-1.3388762
C97M,-1.1746888,-1.3138596
C97N,-1.1698722,-1.2989779
C97P,-1.1812248,-1.3380224
C97Q,-1.1758325,-1.3193786
C97R,-1.1795427,-1.3323882
C97S,-1.1571877,-1.2531537
C97T,-1.1614698,-1.268031
C97V,-1.1730844,-1.3088801
C97W,-1.1788266,-1.3290281
C97Y,-1.1758096,-1.3184284
A98C,-1.1570048,-1.2607856
A98D,-1.1729573,-1.3178064
A98E,-1.1709175,-1.3133557
A98F,-1.1674498,-1.2979015
A98G,-1.1584222,-1.2624654
A98H,-1.1702764,-1.3066144
A98I,-1.1750741,-1.3267987
A98K,-1.1788576,-1.3413976
A98L,-1.1619077,-1.2789409
A98M,-1.1649046,-1.2885965
A98N,-1.1697913,-1.3055962
A98P,-1.181082,-1.342949
A98Q,-1.1709642,-1.3124074
A98R,-1.173286,-1.3216926
A98S,-1.156478,-1.2566413
A98T,-1.1627707,-1.280215
A98V,-1.16601,-1.291846
A98W,-1.1749998,-1.3256241
A98Y,-1.1700001,-1.3053068
H99A,-1.1566364,-1.2556669
H99C,-1.1616194,-1.2717303
H99D,-1.1546453,-1.2483546
H99E,-1.1490076,-1.2274204
H99F,-1.1441393,-1.2101861
H99G,-1.1645751,-1.2828784
H99I,-1.1602798,-1.2693636
H99K,-1.1432374,-1.2064627
H99L,-1.1501536,-1.232069
H99M,-1.1521207,-1.238552
H99N,-1.152268,-1.2405926
H99P,-1.1738306,-1.3163028
H99Q,-1.1480182,-1.2241024
H99R,-1.1439383,-1.2088467
H99S,-1.1526589,-1.242313
H99T,-1.1530637,-1.243964
H99V,-1.1586953,-1.2637905
H99W,-1.1553607,-1.2500272
H99Y,-1.1396993,-1.1933185
H100A,-1.1596136,-1.2625664
H100C,-1.15904,-1.2621973
H100D,-1.1665334,-1.2924044
H100E,-1.1606675,-1.2749561
H100F,-1.1574472,-1.2593293
H100G,-1.1671712,-1.2933767
H100I,-1.1551241,-1.2599162
H100K,-1.1640726,-1.2865981
H100L,-1.1561267,-1.2641927
H100M,-1.1573334,-1.2629949
H100N,-1.1530212,-1.2446882
H100P,-1.1774716,-1.3288448
H100Q,-1.1571319,-1.2613012
H100R,-1.1601259,-1.272806
H100S,-1.1562946,-1.2529876
H100T,-1.1540986,-1.2491076
H100V,-1.1521575,-1.2426268
H100W,-1.1663529,-1.292647
H100Y,-1.1568586,-1.2570695
S101A,-1.1476312,-1.2227863
S101C,-1.1579587,-1.257866
S101D,-1.1504751,-1.2313318
S101E,-1.14092,-1.1979959
S101F,-1.1501328,-1.2318087
S101G,-1.1525475,-1.2402488
S101H,-1.1403041,-1.1963352
S101I,-1.1515104,-1.2366248
S101K,-1.1399906,-1.1952115
S101L,-1.1441705,-1.2098018
S101M,-1.1471467,-1.219255
S101N,-1.1468328,-1.2203121
S101P,-1.1708276,-1.3052334
S101Q,-1.1401582,-1.1961031
S101R,-1.1392391,-1.1914275
S101T,-1.139981,-1.1953052
S101V,-1.1498604,-1.2308023
S101W,-1.1551621,-1.2501687
S101Y,-1.1485425,-1.2262791
I102A,-1.1568867,-1.2566457
I102C,-1.1690528,-1.2985958
I102D,-1.1669669,-1.2946775
I102E,-1.1564639,-1.2563387
I102F,-1.1636956,-1.2821163
I102G,-1.166799,-1.2947012
I102H,-1.1606164,-1.2708924
I102K,-1.1640512,-1.2834096
I102L,-1.1638421,-1.2824695
I102M,-1.1581539,-1.2608845
I102N,-1.1566089,-1.2576582
I102P,-1.1682969,-1.2959925
I102Q,-1.1579058,-1.2611821
I102R,-1.1593907,-1.2676153
I102S,-1.1606604,-1.2710317
I102T,-1.1487595,-1.2267131
I102V,-1.1446999,-1.2122362
I102W,-1.1609455,-1.2729509
I102Y,-1.1645626,-1.2847383
S103A,-1.1504186,-1.2322307
S103C,-1.1589726,-1.2635773
S103D,-1.1457053,-1.211872
S103E,-1.145901,-1.2113097
S103F,-1.1614716,-1.2687098
S103G,-1.1558108,-1.2516356
S103H,-1.1591939,-1.2623307
S103I,-1.1589516,-1.261659
S103K,-1.1474015,-1.2197398
S103L,-1.1541435,-1.2435105
S103M,-1.1556317,-1.2489474
S103N,-1.1504545,-1.232218
S103P,-1.1655439,-1.2840135
S103Q,-1.1467967,-1.2175485
S103R,-1.1462431,-1.2159132
S103T,-1.1490079,-1.2273628
S103V,-1.1551868,-1.2475485
S103W,-1.1593759,-1.2615261
S103Y,-1.1583633,-1.2582382
T104A,-1.1551126,-1.2498826
T104C,-1.1602509,-1.2666585
T104D,-1.1489431,-1.2268993
T104E,-1.1505955,-1.2304935
T104F,-1.1574588,-1.2563578
T104G,-1.1635146,-1.2809217
T104H,-1.1458284,-1.2155954
T104I,-1.1605576,-1.2705001
T104K,-1.1476899,-1.2234453
T104L,-1.1622033,-1.273628
T104M,-1.1566473,-1.2527635
T104N,-1.1492882,-1.2294095
T104P,-1.1757785,-1.322397
T104Q,-1.1487975,-1.2258557
T104R,-1.1477412,-1.2231381
T104S,-1.1518662,-1.2391453
T104V,-1.1570042,-1.2575071
T104W,-1.157361,-1.2555177
T104Y,-1.1533805,-1.2423097
I105A,-1.1560866,-1.2512116
I105C,-1.162483,-1.2678936
I105D,-1.1585313,-1.2657754
I105E,-1.152906,-1.2490615
I105F,-1.1655717,-1.2909006
I105G,-1.1543711,-1.2508885
I105H,-1.1616609,-1.2769191
I105K,-1.1563079,-1.25931
I105L,-1.1406331,-1.1921341
I105M,-1.1575744,-1.2535431
I105N,-1.1496186,-1.228526
I105P,-1.1776881,-1.3267092
I105Q,-1.1545106,-1.2489387
I105R,-1.1567861,-1.2640241
I105S,-1.1554704,-1.2504675
I105T,-1.153269,-1.2469822
I105V,-1.1538953,-1.2436371
I105W,-1.168829,-1.3052403
I105Y,-1.1660236,-1.2903836
F106A,-1.1438198,-1.2039038
F106C,-1.1535928,-1.2421309
F106D,-1.1496779,-1.2319012
F106E,-1.1486292,-1.2284626
F106G,-1.151835,-1.2373886
F106H,-1.1475434,-1.2230407
F106I,-1.1594889,-1.2672213
F106K,-1.1518997,-1.2448514
F106L,-1.1441907,-1.2087514
F106M,-1.1457773,-1.2130709
F106N,-1.1437088,-1.2100536
F106P,-1.1730398,-1.3090593
F106Q,-1.147417,-1.2238396
F106R,-1.1442672,-1.2189976
F106S,-1.1474463,-1.2211747
F106T,-1.1526043,-1.241208
F106V,-1.1547402,-1.2494508
F106W,-1.1497467,-1.2332623
F106Y,-1.1483234,-1.2258435
D107A,-1.1538631,-1.2453005
D107C,-1.159035,-1.2614655
D107E,-1.1483035,-1.2249535
D107F,-1.1667111,-1.289866
D107G,-1.1641601,-1.2827487
D107H,-1.1571137,-1.2558519
D107I,-1.1616205,-1.2723428
D107K,-1.1515893,-1.2370179
D107L,-1.1608999,-1.2694643
D107M,-1.1575398,-1.2566621
D107N,-1.1490905,-1.2297431
D107P,-1.1759049,-1.323866
D107Q,-1.1484951,-1.2266419
D107R,-1.1521909,-1.2391824
D107S,-1.1445192,-1.2131329
D107T,-1.1512078,-1.2366235
D107V,-1.1629087,-1.2773098
D107W,-1.1650256,-1.2835158
D107Y,-1.1632599,-1.2775232
H108A,-1.1525435,-1.2423563
H108C,-1.1557461,-1.2490603
H108D,-1.1476469,-1.2244126
H108E,-1.1545086,-1.2483504
H108F,-1.1501406,-1.2324046
H108G,-1.1631973,-1.2807146
H108I,-1.1619729,-1.2768275
H108K,-1.1493568,-1.2307339
H108L,-1.1566759,-1.256878
H108M,-1.1592246,-1.2639347
H108N,-1.1441885,-1.213053
H108P,-1.176878,-1.3289139
H108Q,-1.151807,-1.2396879
H108R,-1.1503032,-1.2339851
H108S,-1.1462433,-1.2206715
H108T,-1.1545519,-1.2503296
H108V,-1.1608826,-1.2722453
H108W,-1.1575476,-1.2585781
H108Y,-1.1483406,-1.2264322
W109A,-1.1709825,-1.3075743
W109C,-1.1759609,-1.3243891
W109D,-1.1734134,-1.3174468
W109E,-1.1746676,-1.3227878
W109F,-1.147656,-1.2220249
W109G,-1.1743959,-1.3201864
W109H,-1.1598094,-1.2673666
W109I,-1.1724509,-1.3118551
W109K,-1.1774913,-1.3347535
W109L,-1.1634996,-1.2793766
W109M,-1.1667387,-1.2896206
W109N,-1.168339,-1.2992464
W109P,-1.1694871,-1.3012414
W109Q,-1.17071,-1.3088179
W109R,-1.1755009,-1.3284473
W109S,-1.1724637,-1.3141456
W109T,-1.1715646,-1.310435
W109V,-1.1707622,-1.3062762
W109Y,-1.1603308,-1.2683054
G110A,-1.1538575,-1.2450233
G110C,-1.1504916,-1.2319772
G110D,-1.1484225,-1.2257884
G110E,-1.1667067,-1.290826
G110F,-1.1706144,-1.3038862
G110H,-1.1614527,-1.2710038
G110I,-1.1812145,-1.3426086
G110K,-1.1779348,-1.3306569
G110L,-1.1753954,-1.3213999
G110M,-1.1710463,-1.3046044
G110N,-1.1544181,-1.247259
G110P,-1.1617326,-1.2732854
G110Q,-1.1692227,-1.2999799
G110R,-1.176992,-1.3274524
G110S,-1.129715,-1.1599804
G110T,-1.1509637,-1.2347198
G110V,-1.181185,-1.3421807
G110W,-1.1737155,-1.3153045
G110Y,-1.1711458,-1.3062809
Q111A,-1.1399462,-1.1982868
Q111C,-1.1573294,-1.2589139
Q111D,-1.1403123,-1.1971651
Q111E,-1.1436179,-1.2057171
Q111F,-1.1554235,-1.2502902
Q111G,-1.1528902,-1.2442261
Q111H,-1.1508603,-1.2334965
Q111I,-1.1551636,-1.2506064
Q111K,-1.1427577,-1.2053467
Q111L,-1.148563,-1.2262237
Q111M,-1.1537328,-1.2422694
Q111N,-1.1435915,-1.2106268
Q111P,-1.1430693,-1.2077128
Q111R,-1.1482568,-1.2233608
Q111S,-1.1413369,-1.2040939
Q111T,-1.1471987,-1.2239863
Q111V,-1.1518899,-1.2395397
Q111W,-1.1587324,-1.2620662
Q111Y,-1.1540401,-1.2458254
G112A,-1.1783525,-1.3324009
G112C,-1.1928167,-1.3838133
G112D,-1.1827364,-1.347772
G112E,-1.1868681,-1.3610293
G112F,-1.1916734,-1.3786973
G112H,-1.1875538,-1.3635541
G112I,-1.2052007,-1.4274386
G112K,-1.1826977,-1.3476166
G112L,-1.1906421,-1.3749644
G112M,-1.1950296,-1.3893828
G112N,-1.1820028,-1.3456439
G112P,-1.1891613,-1.3703969
G112Q,-1.1855664,-1.3577253
G112R,-1.1822828,-1.345737
G112S,-1.1766257,-1.3268955
G112T,-1.185759,-1.3592392
G112V,-1.198464,-1.4036391
G112W,-1.196948,-1.3977904
G112Y,-1.1868558,-1.3619272
T113A,-1.1456425,-1.2160002
T113C,-1.1533073,-1.2424587
T113D,-1.1500965,-1.2312602
T113E,-1.1468241,-1.2189593
T113F,-1.1552341,-1.2490387
T113G,-1.150243,-1.2325561
T113H,-1.1370318,-1.1836225
T113I,-1.1433588,-1.2073231
T113K,-1.1296836,-1.1593301
T113L,-1.1248412,-1.1413316
T113M,-1.1443129,-1.2092761
T113N,-1.1412696,-1.2011617
T113P,-1.1580896,-1.2596452
T113Q,-1.136914,-1.1844101
T113R,-1.1337473,-1.173074
T113S,-1.142356,-1.204927
T113V,-1.1475699,-1.2223408
T113W,-1.1550257,-1.2485533
T113Y,-1.1552187,-1.2495987
L114A,-1.1535938,-1.2456199
L114C,-1.1658382,-1.2883905
L114D,-1.1538849,-1.245186
L114E,-1.1532253,-1.2411907
L114F,-1.1515003,-1.2363818
L114G,-1.1642144,-1.2833352
L114H,-1.1527435,-1.2398133
L114I,-1.157774,-1.2595043
L114K,-1.1488235,-1.2281446
L114M,-1.150474,-1.2320623
L114N,-1.1532733,-1.2446458
L114P,-1.1575537,-1.2589687
L114Q,-1.1519798,-1.2390157
L114R,-1.1505102,-1.2339094
L114S,-1.1545398,-1.2497386
L114T,-1.1494173,-1.2310046
L114V,-1.15432,-1.2474768
L114W,-1.1648,-1.2836044
L114Y,-1.1524806,-1.2403668
V115A,-1.1743805,-1.3182594
V115C,-1.1757628,-1.321503
V115D,-1.1911105,-1.3767833
V115E,-1.183165,-1.3485928
V115F,-1.1824485,-1.3395202
V115G,-1.1860701,-1.3592286
V115H,-1.1786727,-1.3291678
V115I,-1.1652242,-1.2854257
V115K,-1.1705143,-1.3039601
V115L,-1.1701748,-1.2968181
V115M,-1.177719,-1.3239251
V115N,-1.1784228,-1.331599
V115P,-1.2011561,-1.4128224
V115Q,-1.1750106,-1.3206202
V115R,-1.1712017,-1.3064638
V115S,-1.1782929,-1.3324652
V115T,-1.1674069,-1.2938964
V115W,-1.1884791,-1.367457
V115Y,-1.1848693,-1.3521073
T116A,-1.1566209,-1.2550169
T116C,-1.163424,-1.2784232
T116D,-1.1567942,-1.254746
T116E,-1.1505169,-1.2298255
T116F,-1.1615478,-1.2700262
T116G,-1.1619806,-1.2746038
T116H,-1.1544092,-1.2435375
T116I,-1.1572834,-1.2569944
T116K,-1.1512363,-1.2338988
T116L,-1.1564542,-1.2531048
T116M,-1.1578119,-1.2558153
T116N,-1.1480386,-1.2246245
T116P,-1.174838,-1.3188708
T116Q,-1.1505973,-1.2322893
T116R,-1.1525037,-1.2377279
T116S,-1.1497425,-1.2311323
T116V,-1.1547352,-1.2478073
T116W,-1.1661401,-1.2848959
T116Y,-1.1590724,-1.2612735
V117A,-1.1735152,-1.3158358
V117C,-1.1705707,-1.3044556
V117D,-1.184678,-1.3556834
V117E,-1.1782869,-1.3313463
V117F,-1.1765889,-1.3254467
V117G,-1.1867362,-1.3628231
V117H,-1.1830238,-1.3481025
V117I,-1.1507238,-1.2343578
V117K,-1.1780685,-1.3321487
V117L,-1.1743029,-1.3172653
V117M,-1.1702623,-1.3010423
V117N,-1.1761247,-1.3254187
V117P,-1.1886293,-1.3685393
V117Q,-1.1764511,-1.3256596
V117R,-1.1802161,-1.3394426
V117S,-1.1782477,-1.3330011
V117T,-1.1674607,-1.2947447
V117W,-1.1883024,-1.3669844
V117Y,-1.1794081,-1.33626
S118A,-1.1499852,-1.2311145
S118C,-1.1576953,-1.2569151
S118D,-1.1461332,-1.2161108
S118E,-1.1486334,-1.222147
S118F,-1.1580192,-1.2583379
S118G,-1.1505243,-1.2328924
S118H,-1.1544323,-1.2441474
S118I,-1.159615,-1.2650999
S118K,-1.1514075,-1.2338085
S118L,-1.1521221,-1.2379916
S118M,-1.1567136,-1.2511507
S118N,-1.1472003,-1.2214283
S118P,-1.1733434,-1.3132846
S118Q,-1.149045,-1.2262287
S118R,-1.152814,-1.238185
S118T,-1.148416,-1.2260636
S118V,-1.1588339,-1.2623717
S118W,-1.1628547,-1.274669
S118Y,-1.1570984,-1.2552472
S119A,-1.148279,-1.2248422
S119C,-1.1628299,-1.2765896
S119D,-1.1442589,-1.2093403
S119E,-1.1486361,-1.2213559
S119F,-1.1607255,-1.2679325
S119G,-1.1530344,-1.2422576
S119H,-1.1553403,-1.2475407
S119I,-1.1613863,-1.2718694
S119K,-1.1510049,-1.2326791
S119L,-1.1574001,-1.2562466
S119M,-1.1605728,-1.2653192
S119N,-1.1469898,-1.220757
S119P,-1.1513431,-1.2344451
S119Q,-1.1503104,-1.2311144
S119R,-1.1535114,-1.2412263
S119T,-1.1519002,-1.2384393
S119V,-1.1587595,-1.2625391
S119W,-1.1639234,-1.27807
S119Y,-1.1576858,-1.2576336
